"DESCRIPTION","DURATION IN MS","NAME","PARENT SUITE","START TIME","STATUS","STOP TIME","SUB SUITE","SUITE","TEST CLASS","TEST METHOD"
"","1737","@regression delete a user test","chromium","2026-10-07","passed","2026-10-07","","api/user-api-individual.spec.ts","",""
"","3234","@regression verify the search result count test - macbook - MacBook Air","chromium","2026-10-07","passed","2026-10-07","","searchpage.spec.ts","",""
"","4731","@regression verify product images count test","chromium","2026-10-07","passed","2026-10-07","","productpage.spec.ts","",""
"","2716","@regression update a user test","chromium","2026-10-07","passed","2026-10-07","","api/user-api-individual.spec.ts","",""
"","517","@smoke @regression GET API - Get all users","chromium","2026-10-07","passed","2026-10-07","running end to end gorest crud apis tests","api/users-api.spec.ts","",""
"","2547","@regression user is trying to login to the app with invalid credentials with CSV Data - - pw123","chromium","2026-10-07","passed","2026-10-07","","loginpage.spec.ts","",""
"","2976","@regression Home page headers exists or not","chromium","2026-10-07","passed","2026-10-07","","homepage.spec.ts","",""
"","3387","@regression verify the search result count test - samsung - Samsung Galaxy Tab 10.1","chromium","2026-10-07","passed","2026-10-07","","searchpage.spec.ts","",""
"","2047","@regression Forgotten pwd link - test","chromium","2026-10-07","passed","2026-10-07","","loginpage.spec.ts","",""
"","3518","@regression verify the search result count test - imac - iMac","chromium","2026-10-07","passed","2026-10-07","","searchpage.spec.ts","",""
"Verify user can login with valid credentials","3128","@regression user is able to login to the app with valid credentials - test","chromium","2026-10-07","passed","2026-10-07","","Login Tests","",""
"","322","@regression PUT API - update a user","chromium","2026-10-07","passed","2026-10-07","running end to end gorest crud apis tests","api/users-api.spec.ts","",""
"","354","@regression DELETE API - delete a user","chromium","2026-10-07","passed","2026-10-07","running end to end gorest crud apis tests","api/users-api.spec.ts","",""
"","365","@regression POST API - create u new user","chromium","2026-10-07","passed","2026-10-07","running end to end gorest crud apis tests","api/users-api.spec.ts","",""
"","3220","@regression verify the search result count test - macbook - MacBook Pro","chromium","2026-10-07","passed","2026-10-07","","searchpage.spec.ts","",""
"","4772","@regression verify the product information/data test","chromium","2026-10-07","passed","2026-10-07","","productpage.spec.ts","",""
"","3072","@regression user is trying to login to the app with invalid credentials with CSV Data - invalid@open.com - wrong@123","chromium","2026-10-07","passed","2026-10-07","","loginpage.spec.ts","",""
"","2633","@regression user is trying to login to the app with invalid credentials with CSV Data - raz@pw.com -","chromium","2026-10-07","passed","2026-10-07","","loginpage.spec.ts","",""
"","1561","@regression create a user test","chromium","2026-10-07","passed","2026-10-07","","api/user-api-individual.spec.ts","",""
